#,base_name,file_path
1,#U05d0#U05d5#U05d3#U05d9-#U05d0#U05d9#U05e9#U05d9,uploads/2019/06/#U05d0#U05d5#U05d3#U05d9-#U05d0#U05d9#U05e9#U05d9.jpg
2,#U05d4#U05dc#U05d9#U05db#U05d4,uploads/2019/06/#U05d4#U05dc#U05d9#U05db#U05d4.jpg
3,#U05e7#U05d1#U05d5#U05e6#U05d4,uploads/2019/06/#U05e7#U05d1#U05d5#U05e6#U05d4.jpg
4,#U05ea#U05d5#U05db#U05e0#U05d9#U05ea-#U05d0#U05d9#U05de#U05d5#U05df-#U05ea#U05de#U05d5#U05e0#U05d4,uploads/2019/06/#U05ea#U05d5#U05db#U05e0#U05d9#U05ea-#U05d0#U05d9#U05de#U05d5#U05df-#U05ea#U05de#U05d5#U05e0#U05d4-768x335.png
17,cropped-IMG_0523,uploads/2019/06/cropped-IMG_0523.jpg
19,11855844_10155988247950354_4610438766934217493_n,uploads/2019/07/11855844_10155988247950354_4610438766934217493_n.jpg
20,IMG_0858-e1567684480481,uploads/2019/07/IMG_0858-e1567684480481.jpg
24,Png-3-1,uploads/2019/07/Png-3-1.png
26,cropped-Png-3-1,uploads/2019/07/cropped-Png-3-1.png
27,road-220058_960_720,uploads/2019/07/road-220058_960_720.jpg
29,#U05d4#U05d5#U05e8#U05d3#U05d4-4,uploads/2019/09/#U05d4#U05d5#U05e8#U05d3#U05d4-4.jpeg
30,#U05d4#U05de#U05dc#U05e6#U05d4-#U05e0#U05d5#U05e2#U05d4-#U05de#U05e9#U05d4-#U05de#U05e4#U05d9#U05e1-1,uploads/2019/09/#U05d4#U05de#U05dc#U05e6#U05d4-#U05e0#U05d5#U05e2#U05d4-#U05de#U05e9#U05d4-#U05de#U05e4#U05d9#U05e1-1.jpg
31,#U05d4#U05de#U05dc#U05e6#U05d4-#U05e0#U05d5#U05e2#U05d4-#U05de#U05e9#U05d4-#U05de#U05e4#U05d9#U05e1,uploads/2019/09/#U05d4#U05de#U05dc#U05e6#U05d4-#U05e0#U05d5#U05e2#U05d4-#U05de#U05e9#U05d4-#U05de#U05e4#U05d9#U05e1.jpg
32,#U05e6#U05d9#U05dc#U05d5#U05dd-#U05de#U05e1#U05da-2024-11-03-142500,uploads/2019/09/#U05e6#U05d9#U05dc#U05d5#U05dd-#U05de#U05e1#U05da-2024-11-03-142500.jpg
34,11755783_10155981246150354_4845183273736069269_n,uploads/2019/09/11755783_10155981246150354_4845183273736069269_n.jpg
35,11794207_10155981245520354_8289500158556533672_o-e1573478649437,uploads/2019/09/11794207_10155981245520354_8289500158556533672_o-e1573478649437.jpg
38,120546,uploads/2019/09/120546-768x512.jpg
39,16299767_1840492119567190_6228778041890791097_o-e1573558583559,uploads/2019/09/16299767_1840492119567190_6228778041890791097_o-e1573558583559.jpg
41,178088933-e1425750617579,uploads/2019/09/178088933-e1425750617579.jpg
44,21430227_10207575261699201_9111173118673052066_n,uploads/2019/09/21430227_10207575261699201_9111173118673052066_n.jpg
45,29425389_2038142349802165_2488671808817967886_n,uploads/2019/09/29425389_2038142349802165_2488671808817967886_n.jpg
46,29472812_2038142179802182_8421361654488310126_n,uploads/2019/09/29472812_2038142179802182_8421361654488310126_n.jpg
48,29496681_2038142369802163_8512494454652345302_n-1,uploads/2019/09/29496681_2038142369802163_8512494454652345302_n-1-600x800.jpg
49,34649312_2076648135951586_8716392821629648896_n,uploads/2019/09/34649312_2076648135951586_8716392821629648896_n.jpg
50,34817650_10216401136283654_8179386540850413568_n,uploads/2019/09/34817650_10216401136283654_8179386540850413568_n.jpg
51,65204763_175194170168611_3930815155725689992_n,uploads/2019/09/65204763_175194170168611_3930815155725689992_n-600x600.jpg
52,69539748_10161855676095467_842856219096907776_n-e1573557636238,uploads/2019/09/69539748_10161855676095467_842856219096907776_n-e1573557636238.jpg
55,69903199_1530927647050396_5755101081075974144_o-1,uploads/2019/09/69903199_1530927647050396_5755101081075974144_o-1.jpg
56,9l_326fiszk-luca-bravo-e1573558852637,uploads/2019/09/9l_326fiszk-luca-bravo-e1573558852637.jpg
59,IMG_0325,uploads/2019/09/IMG_0325.jpg
60,IMG_0559-e1573558685161,uploads/2019/09/IMG_0559-e1573558685161.png
61,IMG_0559,uploads/2019/09/IMG_0559.png
64,IMG_0709,uploads/2019/09/IMG_0709.jpg
67,IMG_1249-e1568229174204,uploads/2019/09/IMG_1249-e1568229174204.jpg
72,IMG_2047-e1573558838376,uploads/2019/09/IMG_2047-e1573558838376.jpg
74,WhatsApp-Image-2018-07-06-at-09.15.28-e1573557867976,uploads/2019/09/WhatsApp-Image-2018-07-06-at-09.15.28-e1573557867976.jpeg
76,company-train,uploads/2019/09/company-train-600x345.jpg
78,dad-and-son-exercise-1.jpg.838x0_q80-1,uploads/2019/09/dad-and-son-exercise-1.jpg.838x0_q80-1.jpg
79,flx_4422828_3955438_169_03_3-e1573558900939,uploads/2019/09/flx_4422828_3955438_169_03_3-e1573558900939.jpg
81,hipwee-dad-son-workout-1,uploads/2019/09/hipwee-dad-son-workout-1.jpg
82,iStock-509406890-2-e1573558666196,uploads/2019/09/iStock-509406890-2-e1573558666196.jpg
84,images-1-1,uploads/2019/09/images-1-1.jpeg
85,images-2-1,uploads/2019/09/images-2-1.jpeg
86,images-4-1,uploads/2019/09/images-4-1.jpeg
88,images-5-1,uploads/2019/09/images-5-1.jpeg
89,images,uploads/2019/09/images.jpeg
90,large-group-of-joyful-entrepreneurs-having-fun-on-a-sports-race-in-picture-id942149960-e1573558877275,uploads/2019/09/large-group-of-joyful-entrepreneurs-having-fun-on-a-sports-race-in-picture-id942149960-e1573558877275.jpg
92,pexels-photo-1059118,uploads/2019/09/pexels-photo-1059118.jpeg
94,udi-1,uploads/2019/09/udi-1.jpg
96,woodland-656969_960_720,uploads/2019/09/woodland-656969_960_720.jpg
97,#U05d4#U05d5#U05e8#U05d3#U05d4-1,uploads/2019/11/#U05d4#U05d5#U05e8#U05d3#U05d4-1.jpg
98,#U05d4#U05d5#U05e8#U05d3#U05d4-2,uploads/2019/11/#U05d4#U05d5#U05e8#U05d3#U05d4-2.jpg
99,#U05d4#U05d5#U05e8#U05d3#U05d4,uploads/2019/11/#U05d4#U05d5#U05e8#U05d3#U05d4.jpg
100,#U05d4#U05dc#U05d9#U05db#U05d4-#U05e4#U05d9#U05d9#U05e11,uploads/2019/11/#U05d4#U05dc#U05d9#U05db#U05d4-#U05e4#U05d9#U05d9#U05e11.jpg
101,#U05de#U05d0#U05de#U05df-#U05d0#U05d9#U05e9#U05d9-#U05d0#U05d5#U05e0#U05dc#U05d9#U05d9#U05df,uploads/2019/11/#U05de#U05d0#U05de#U05df-#U05d0#U05d9#U05e9#U05d9-#U05d0#U05d5#U05e0#U05dc#U05d9#U05d9#U05df.jpg
102,#U05e2#U05d9#U05e6#U05d5#U05d1-#U05dc#U05dc#U05d0-#U05e9#U05dd,uploads/2019/11/#U05e2#U05d9#U05e6#U05d5#U05d1-#U05dc#U05dc#U05d0-#U05e9#U05dd.jpg
106,15625016_356204188087245_3350729056780812288_a,uploads/2019/11/15625016_356204188087245_3350729056780812288_a.jpg
107,34747341_2076648289284904_5428071022639185920_n-e1573557284331,uploads/2019/11/34747341_2076648289284904_5428071022639185920_n-e1573557284331.jpg
110,36559694_267684827318818_3295533491462078464_n,uploads/2019/11/36559694_267684827318818_3295533491462078464_n.jpg
112,65590818_2350389321915573_4804515815152388955_n-e1573557484248,uploads/2019/11/65590818_2350389321915573_4804515815152388955_n-e1573557484248.jpg
117,69903199_1530927647050396_5755101081075974144_o,uploads/2019/11/69903199_1530927647050396_5755101081075974144_o.jpg
118,IMG_20180801_055010-e1573478353698,uploads/2019/11/IMG_20180801_055010-e1573478353698.jpg
122,#U05e4#U05d0#U05d5#U05dc#U05d4-#U05d5#U05dc#U05d9#U05d0#U05d5#U05df,uploads/2021/02/#U05e4#U05d0#U05d5#U05dc#U05d4-#U05d5#U05dc#U05d9#U05d0#U05d5#U05df.jpg
124,Mask-Group-2,uploads/2021/10/Mask-Group-2.png
126,Mask-Group,uploads/2021/10/Mask-Group.png
127,Untitled-1,uploads/2021/10/Untitled-1.png
128,20210530_210423-scaled,uploads/2021/12/20210530_210423-scaled.jpg
130,20210929_202803-scaled,uploads/2021/12/20210929_202803-scaled.jpg
132,20170607_055101-scaled,uploads/2022/03/20170607_055101-scaled.jpg
134,20200203_124336-scaled,uploads/2022/03/20200203_124336-scaled.jpg
139,20201114_065210,uploads/2022/03/20201114_065210.jpg
140,20211013_174140-scaled,uploads/2022/03/20211013_174140-scaled.jpg
141,20211013_174140,uploads/2022/03/20211013_174140.jpg
146,20211029_162958-scaled,uploads/2022/03/20211029_162958-scaled.jpg
148,Depositphotos_53847637_XL-scaled-e1655124091649,uploads/2022/06/Depositphotos_53847637_XL-scaled-e1655124091649.jpg
152,relojes-inteligentes-running-detallado-scaled,uploads/2022/06/relojes-inteligentes-running-detallado-scaled.jpg
154,Blue-Neon-Green-Round-and-Friendly-Business-Website-2,uploads/2022/07/Blue-Neon-Green-Round-and-Friendly-Business-Website-2.jpg
155,Copy-of-Blue-Neon-Green-Round-and-Friendly-Business-Website-3,uploads/2022/07/Copy-of-Blue-Neon-Green-Round-and-Friendly-Business-Website-3.jpg
156,Copy-of-Blue-Neon-Green-Round-and-Friendly-Business-Website-4,uploads/2022/07/Copy-of-Blue-Neon-Green-Round-and-Friendly-Business-Website-4.jpg
157,Copy-of-Blue-Neon-Green-Round-and-Friendly-Business-Website-5,uploads/2022/07/Copy-of-Blue-Neon-Green-Round-and-Friendly-Business-Website-5.jpg
158,#U200f#U200f20210313_101448-#U05e2#U05d5#U05ea#U05e7-scaled,uploads/2022/11/#U200f#U200f20210313_101448-#U05e2#U05d5#U05ea#U05e7-scaled.jpg
164,110156,uploads/2022/11/110156.jpg
165,116312,uploads/2022/11/116312.jpg
166,20200909_205442-scaled,uploads/2022/11/20200909_205442-scaled.jpg
168,20201108_210920-scaled,uploads/2022/11/20201108_210920-scaled.jpg
170,20210509_202902-scaled,uploads/2022/11/20210509_202902-scaled.jpg
172,20210530_210353-scaled,uploads/2022/11/20210530_210353-scaled.jpg
174,20210602_210623-scaled,uploads/2022/11/20210602_210623-scaled.jpg
176,20220307_182239-scaled,uploads/2022/11/20220307_182239-scaled.jpg
178,IMG-20211221-WA0000,uploads/2022/11/IMG-20211221-WA0000.jpg
179,11,uploads/2022/12/11.png
180,20170430_060947-scaled,uploads/2022/12/20170430_060947-scaled.jpg
181,20170430_060947,uploads/2022/12/20170430_060947.jpg
182,21,uploads/2022/12/21.png
183,31,uploads/2022/12/31.png
184,314868995_2242959562544196_4305649481890963048_n,uploads/2022/12/314868995_2242959562544196_4305649481890963048_n.jpg
185,4,uploads/2022/12/4.png
186,Purple-and-Yellow-Corporate-Business-Facebook-Ad-1,uploads/2022/12/Purple-and-Yellow-Corporate-Business-Facebook-Ad-1.png
187,Purple-and-Yellow-Corporate-Business-Facebook-Ad-1000-#U00d7-130-px,uploads/2022/12/Purple-and-Yellow-Corporate-Business-Facebook-Ad-1000-#U00d7-130-px.gif
188,Purple-and-Yellow-Corporate-Business-Facebook-Ad,uploads/2022/12/Purple-and-Yellow-Corporate-Business-Facebook-Ad.png
189,2,uploads/2023/01/2.jpg
190,3,uploads/2023/01/3.jpg
191,5,uploads/2023/01/5.jpg
192,6,uploads/2023/01/6.jpg
196,HDR-photography-with-effects-running-in-perfect-stride-surrounded-by-holograms-of-data-metrics-and-active-muscles-all-in-blue-and-gold-colors.-Combining-technology-with-humanity.-Show-the-professional-depth-an,uploads/2024/11/HDR-photography-with-effects-running-in-perfect-stride-surrounded-by-holograms-of-data-metrics-and-active-muscles-all-in-blue-and-gold-colors.-Combining-technology-with-humanity.-Show-the-professional-depth-an.jpg
