#,type,title,url,h1_count,word_count,decision
1,עמוד,מי אני?,https://www.sport4you.co.il/about-me/,4,1930,שמר
2,עמוד,אימוני ריצה,https://www.sport4you.co.il/%d7%90%d7%99%d7%9e%d7%95%d7%a0%d7%99-%d7%a8%d7%99%d7%a6%d7%94/,1,1069,שמר
3,עמוד,קבוצות ריצה לרצים מתחילים ומנוסים,https://www.sport4you.co.il/%d7%90%d7%99%d7%9e%d7%95%d7%a0%d7%99-%d7%a8%d7%99%d7%a6%d7%94/%d7%a7%d7%91%d7%95%d7%a6%d7%95%d7%aa-%d7%a8%d7%99%d7%a6%d7%94-%d7%9e%d7%aa%d7%97%d7%99%d7%9c%d7%99%d7%9d/,1,966,שמר
4,עמוד,קבוצות ריצה וכושר לחברות וארגונים BUSINESS,https://www.sport4you.co.il/%d7%90%d7%99%d7%9e%d7%95%d7%a0%d7%99-%d7%a8%d7%99%d7%a6%d7%94/%d7%a7%d7%91%d7%95%d7%a6%d7%95%d7%aa-%d7%a8%d7%99%d7%a6%d7%94-business-%d7%90%d7%a8%d7%92%d7%95%d7%a0%d7%99%d7%9d-%d7%95%d7%97%d7%91%d7%a8%d7%95%d7%aa/,1,891,שמר
5,עמוד,מאמן כושר ילדים,https://www.sport4you.co.il/%d7%90%d7%99%d7%9e%d7%95%d7%9f-%d7%99%d7%9c%d7%93%d7%99%d7%9d-%d7%95%d7%a0%d7%95%d7%a2%d7%a8/,1,1185,שמר
6,עמוד,קבוצות אתלטיקט ילדים,https://www.sport4you.co.il/%d7%90%d7%99%d7%9e%d7%95%d7%9f-%d7%99%d7%9c%d7%93%d7%99%d7%9d-%d7%95%d7%a0%d7%95%d7%a2%d7%a8/%d7%a7%d7%91%d7%95%d7%a6%d7%95%d7%aa-%d7%90%d7%aa%d7%9c%d7%98%d7%99%d7%a7%d7%98-%d7%99%d7%9c%d7%93%d7%99%d7%9d/,1,1100,שמר
7,עמוד,אימון להתמודדות בהפרעות קשב וריכוז,https://www.sport4you.co.il/%d7%90%d7%99%d7%9e%d7%95%d7%9f-%d7%99%d7%9c%d7%93%d7%99%d7%9d-%d7%95%d7%a0%d7%95%d7%a2%d7%a8/%d7%90%d7%99%d7%9e%d7%95%d7%9f-%d7%9c%d7%94%d7%aa%d7%9e%d7%95%d7%93%d7%93%d7%95%d7%aa-%d7%91%d7%94%d7%a4%d7%a8%d7%a2%d7%95%d7%aa-%d7%a7%d7%a9%d7%91-%d7%95%d7%a8%d7%99%d7%9b%d7%95%d7%96/,1,1332,שמר
8,עמוד,אימון אישי הורה וילד,https://www.sport4you.co.il/%d7%90%d7%99%d7%9e%d7%95%d7%9f-%d7%99%d7%9c%d7%93%d7%99%d7%9d-%d7%95%d7%a0%d7%95%d7%a2%d7%a8/%d7%90%d7%99%d7%9e%d7%95%d7%9f-%d7%90%d7%99%d7%a9%d7%99-%d7%94%d7%95%d7%a8%d7%94-%d7%95%d7%99%d7%9c%d7%93/,1,1283,מיזוג -> #5 (מאמן כושר ילדים) - מאושר
9,עמוד,מאמן כושר אישי,https://www.sport4you.co.il/%d7%9e%d7%90%d7%9e%d7%9f-%d7%9b%d7%95%d7%a9%d7%a8-%d7%90%d7%99%d7%a9%d7%99/,1,1504,שמר
10,עמוד,הבלוג שלי,https://www.sport4you.co.il/v-%d7%9c%d7%95%d7%92/,0,3,שמר
11,עמוד,אימונים מצולמים ONLINE,https://www.sport4you.co.il/v-%d7%9c%d7%95%d7%92/%d7%90%d7%99%d7%9e%d7%95%d7%a0%d7%99%d7%9d-%d7%9e%d7%a6%d7%95%d7%9c%d7%9e%d7%99%d7%9d-online/,0,0,מיזוג -> #21 (VIDEOבלוג)
12,עמוד,PHOTO - תרגילים,https://www.sport4you.co.il/v-%d7%9c%d7%95%d7%92/photo-%d7%aa%d7%a8%d7%92%d7%99%d7%9c%d7%99%d7%9d/,0,0,מחיקה
13,עמוד,חנות אונליין,https://www.sport4you.co.il/%d7%97%d7%a0%d7%95%d7%aa-%d7%90%d7%95%d7%a0%d7%9c%d7%99%d7%99%d7%9f-sport4you/,0,0,מחיקה (הוחלט קודם - חנות אונליין)
14,עמוד,צור קשר,https://www.sport4you.co.il/%d7%a6%d7%95%d7%a8-%d7%a7%d7%a9%d7%a8/,2,203,מיזוג -> #1 (מי אני?)
15,עמוד,תקנון פרטיות,https://www.sport4you.co.il/%d7%a6%d7%95%d7%a8-%d7%a7%d7%a9%d7%a8/%d7%aa%d7%a7%d7%a0%d7%95%d7%9f-%d7%a4%d7%a8%d7%98%d7%99%d7%95%d7%aa/,1,1359,מיזוג -> #1 (מי אני?)
16,עמוד,טופס פרטי מתאמן,https://www.sport4you.co.il/%d7%98%d7%95%d7%a4%d7%a1-%d7%a8%d7%99%d7%a9%d7%95%d7%9d-%d7%9c%d7%90%d7%99%d7%9e%d7%95%d7%9f/,1,624,שמר
17,עמוד,טופס הצהרת בריאות,https://www.sport4you.co.il/%d7%a6%d7%95%d7%a8-%d7%a7%d7%a9%d7%a8/https-docs-google-com-forms-d-1nsumjdnfnua3yhs6wif87kvmj6iuryfjbfozdlcbla8-edit/,1,29,מיזוג -> #1 (מי אני?)
18,עמוד,כרטיס ביקור,https://www.sport4you.co.il/%d7%9b%d7%a8%d7%98%d7%99%d7%a1-%d7%91%d7%99%d7%a7%d7%95%d7%a8-%d7%93%d7%99%d7%92%d7%99%d7%98%d7%9c%d7%99-%d7%9c%d7%a2%d7%a1%d7%a7/,0,37,מיזוג -> #1 (מי אני?)
19,עמוד,קבוצת הליכה רמת השרון,https://www.sport4you.co.il/%d7%a7%d7%91%d7%95%d7%a6%d7%aa-%d7%94%d7%9c%d7%99%d7%9b%d7%94-%d7%a8%d7%9e%d7%aa-%d7%94%d7%a9%d7%a8%d7%95%d7%9f/,3,1396,מחיקה
20,עמוד,digital card,https://www.sport4you.co.il/digital-card/,0,33,מיזוג -> #1 (מי אני?)
21,עמוד,VIDEOבלוג,https://www.sport4you.co.il/video%d7%91%d7%9c%d7%95%d7%92/,1,21,שמר
22,עמוד,אימון אישי אונליין,https://www.sport4you.co.il/%d7%9e%d7%90%d7%9e%d7%9f-%d7%9b%d7%95%d7%a9%d7%a8-%d7%90%d7%99%d7%a9%d7%99/%d7%90%d7%99%d7%9e%d7%95%d7%9f-%d7%90%d7%99%d7%a9%d7%99-%d7%90%d7%95%d7%a0%d7%9c%d7%99%d7%99%d7%9f/,1,1009,מחיקה
23,עמוד,מאמן כושר אישי בהרצליה,https://www.sport4you.co.il/%d7%9e%d7%90%d7%9e%d7%9f-%d7%9b%d7%95%d7%a9%d7%a8-%d7%90%d7%99%d7%a9%d7%99-%d7%91%d7%94%d7%a8%d7%a6%d7%9c%d7%99%d7%94/,1,1175,שמר - נכתב מחדש עם תוכן עירוני ייחודי
24,עמוד,מאמן כושר אישי בתל אביב,https://www.sport4you.co.il/%d7%9e%d7%90%d7%9e%d7%9f-%d7%9b%d7%95%d7%a9%d7%a8-%d7%90%d7%99%d7%a9%d7%99-%d7%91%d7%aa%d7%9c-%d7%90%d7%91%d7%99%d7%91/,1,1128,שמר - נכתב מחדש עם תוכן עירוני ייחודי
25,עמוד,מאמן כושר אישי ברמת השרון,https://www.sport4you.co.il/%d7%9e%d7%90%d7%9e%d7%9f-%d7%9b%d7%95%d7%a9%d7%a8-%d7%90%d7%99%d7%a9%d7%99-%d7%9e%d7%95%d7%9e%d7%9c%d7%a5-%d7%91%d7%a8%d7%9e%d7%aa-%d7%94%d7%a9%d7%a8%d7%95%d7%9f/,1,1101,שמר - נכתב מחדש עם תוכן עירוני ייחודי
26,עמוד,מאמן כושר אישי לילדים רמת השרון,https://www.sport4you.co.il/%d7%9e%d7%90%d7%9e%d7%9f-%d7%9b%d7%95%d7%a9%d7%a8-%d7%90%d7%99%d7%a9%d7%99-%d7%9c%d7%99%d7%9c%d7%93%d7%99%d7%9d-%d7%a8%d7%9e%d7%aa-%d7%94%d7%a9%d7%a8%d7%95%d7%9f/,1,1240,שמר - נכתב מחדש עם תוכן עירוני ייחודי
27,עמוד,מאמן כושר אישי לילדים הרצליה,https://www.sport4you.co.il/%d7%9e%d7%90%d7%9e%d7%9f-%d7%9b%d7%95%d7%a9%d7%a8-%d7%90%d7%99%d7%a9%d7%99-%d7%9c%d7%99%d7%9c%d7%93%d7%99%d7%9d-%d7%94%d7%a8%d7%a6%d7%9c%d7%99%d7%94/,1,1071,שמר - נכתב מחדש עם תוכן עירוני ייחודי
28,עמוד,מאמן כושר אישי לילדים תל אביב,https://www.sport4you.co.il/%d7%9e%d7%90%d7%9e%d7%9f-%d7%9b%d7%95%d7%a9%d7%a8-%d7%90%d7%99%d7%a9%d7%99-%d7%9c%d7%99%d7%9c%d7%93%d7%99%d7%9d-%d7%aa%d7%9c-%d7%90%d7%91%d7%99%d7%91/,1,1238,שמר - נכתב מחדש עם תוכן עירוני ייחודי
29,עמוד,מאמן כושר אישי למבוגרים גיל השלישי,https://www.sport4you.co.il/%d7%9e%d7%90%d7%9e%d7%9f-%d7%9b%d7%95%d7%a9%d7%a8-%d7%90%d7%99%d7%a9%d7%99-%d7%9c%d7%9e%d7%91%d7%95%d7%92%d7%a8%d7%99%d7%9d-%d7%92%d7%99%d7%9c-%d7%94%d7%a9%d7%9c%d7%99%d7%a9%d7%99/,1,1231,שמר - נכתב מחדש עם תוכן עירוני ייחודי
30,עמוד,מאמן כושר אישי אונליין ONLINE,https://www.sport4you.co.il/%d7%9e%d7%90%d7%9e%d7%9f-%d7%9b%d7%95%d7%a9%d7%a8-%d7%90%d7%99%d7%a9%d7%99-%d7%90%d7%95%d7%a0%d7%9c%d7%99%d7%99%d7%9f-online/,1,1093,מחיקה
31,עמוד,קבוצת ריצה בתל אביב,https://www.sport4you.co.il/%d7%a7%d7%91%d7%95%d7%a6%d7%aa-%d7%a8%d7%99%d7%a6%d7%94-%d7%91%d7%aa%d7%9c-%d7%90%d7%91%d7%99%d7%91/,1,1119,שמר
32,עמוד,קבוצת ריצה ברמת השרון,https://www.sport4you.co.il/%d7%a7%d7%91%d7%95%d7%a6%d7%aa-%d7%a8%d7%99%d7%a6%d7%94-%d7%91%d7%a8%d7%9e%d7%aa-%d7%94%d7%a9%d7%a8%d7%95%d7%9f/,2,1200,שמר
33,עמוד,קבוצת ריצה אונליין,https://www.sport4you.co.il/%d7%a7%d7%91%d7%95%d7%a6%d7%aa-%d7%a8%d7%99%d7%a6%d7%94-%d7%90%d7%95%d7%a0%d7%9c%d7%99%d7%99%d7%9f/,1,1010,מחיקה
34,עמוד,הכנה לכיתת ספורט ברמת השרון,https://www.sport4you.co.il/%d7%94%d7%9b%d7%a0%d7%94-%d7%9c%d7%9b%d7%99%d7%aa%d7%95%d7%aa-%d7%a1%d7%a4%d7%95%d7%a8%d7%98-%d7%a8%d7%9e%d7%aa-%d7%94%d7%a9%d7%a8%d7%95%d7%9f/,1,974,שמר
35,עמוד,תוכנית אימונים ריצה,https://www.sport4you.co.il/%d7%aa%d7%95%d7%9b%d7%a0%d7%99%d7%aa-%d7%90%d7%99%d7%9e%d7%95%d7%a0%d7%99%d7%9d-%d7%a8%d7%99%d7%a6%d7%94/,1,970,מיזוג -> #41 (תוכניות אימון ריצה ONLINE)
36,עמוד,"תוכנית אימונים 10 ק""מ",https://www.sport4you.co.il/%d7%aa%d7%95%d7%9b%d7%a0%d7%99%d7%aa-%d7%90%d7%99%d7%9e%d7%95%d7%a0%d7%99%d7%9d-10-%d7%a7%d7%9e/,1,1565,שמר
37,עמוד,תוכנית אימונים ריצה למתחילים,https://www.sport4you.co.il/%d7%aa%d7%95%d7%9b%d7%a0%d7%99%d7%aa-%d7%90%d7%99%d7%9e%d7%95%d7%9f-%d7%a8%d7%99%d7%a6%d7%94-%d7%9c%d7%9e%d7%aa%d7%97%d7%99%d7%9c%d7%99%d7%9d/,1,1312,שמר
38,עמוד,תוכנית אימונים חצי מרתון,https://www.sport4you.co.il/%d7%aa%d7%95%d7%9b%d7%a0%d7%99%d7%aa-%d7%90%d7%99%d7%9e%d7%95%d7%a0%d7%99%d7%9d-%d7%97%d7%a6%d7%99-%d7%9e%d7%a8%d7%aa%d7%95%d7%9f/,1,1590,שמר
39,עמוד,תוכנית אימונים למרתון,https://www.sport4you.co.il/%d7%aa%d7%95%d7%9b%d7%a0%d7%99%d7%aa-%d7%90%d7%99%d7%9e%d7%95%d7%a0%d7%99%d7%9d-%d7%9c%d7%9e%d7%a8%d7%aa%d7%95%d7%9f/,1,1426,שמר
40,עמוד,תוכנית אימונים אולטרה מרתון,https://www.sport4you.co.il/%d7%aa%d7%95%d7%9b%d7%a0%d7%99%d7%aa-%d7%90%d7%99%d7%9e%d7%95%d7%a0%d7%99%d7%9d-%d7%90%d7%95%d7%9c%d7%98%d7%a8%d7%94-%d7%9e%d7%a8%d7%aa%d7%95%d7%9f/,1,1309,שמר
41,עמוד,תוכניות אימון ריצה ONLINE,https://www.sport4you.co.il/,1,806,שמר
42,עמוד,לוח תחרויות ריצה בארץ ובעולם,https://www.sport4you.co.il/%d7%9c%d7%95%d7%97-%d7%aa%d7%97%d7%a8%d7%95%d7%99%d7%95%d7%aa-%d7%a8%d7%99%d7%a6%d7%94-%d7%91%d7%90%d7%a8%d7%a5-%d7%95%d7%91%d7%a2%d7%95%d7%9c%d7%9d/,5,4561,שמר
43,עמוד,לוח מירוצים בישראל,https://www.sport4you.co.il/%d7%9c%d7%95%d7%97-%d7%9e%d7%99%d7%a8%d7%95%d7%a6%d7%99%d7%9d-%d7%91%d7%99%d7%a9%d7%a8%d7%90%d7%9c/,0,0,שמר בנפרד (לא ממוזג)
44,עמוד,מרתון תל אביב PONTERUNNERS,https://www.sport4you.co.il/ponterunners/,1,7512,שמר
45,עמוד,ריצות שטח והרים,https://www.sport4you.co.il/%d7%a8%d7%99%d7%a6%d7%95%d7%aa-%d7%a9%d7%98%d7%97-%d7%95%d7%94%d7%a8%d7%99%d7%9d/,0,57,שמר
46,פוסט בלוג,אימון גופני לגיל השלישי,https://www.sport4you.co.il/%d7%97%d7%a9%d7%99%d7%91%d7%95%d7%aa-%d7%a4%d7%a2%d7%99%d7%9c%d7%95%d7%aa-%d7%92%d7%95%d7%a4%d7%a0%d7%99%d7%aa-%d7%9c%d7%92%d7%99%d7%9c-%d7%94%d7%a9%d7%9c%d7%99%d7%a9%d7%99/,0,679,שמר
47,פוסט בלוג,אימון גופני בשילוב תרגילי התנגדות ומשקולות באימוני ילדים ונוער,https://www.sport4you.co.il/%d7%90%d7%99%d7%9e%d7%95%d7%9f-%d7%92%d7%95%d7%a4%d7%a0%d7%99-%d7%91%d7%a9%d7%99%d7%9c%d7%95%d7%91-%d7%aa%d7%a8%d7%92%d7%99%d7%9c%d7%99-%d7%94%d7%aa%d7%a0%d7%92%d7%93%d7%95%d7%aa-%d7%95%d7%9e%d7%a9/,0,586,שמר
48,פוסט בלוג,גזרו והדביקו - אימון קצר במשרד  15 דק' לשמירה על הגזרה,https://www.sport4you.co.il/%d7%92%d7%96%d7%a8%d7%95-%d7%95%d7%94%d7%93%d7%91%d7%99%d7%a7%d7%95-%d7%90%d7%99%d7%9e%d7%95%d7%9f-%d7%a7%d7%a6%d7%a8-%d7%91%d7%9e%d7%a9%d7%a8%d7%93-15-%d7%93%d7%a7-%d7%9c%d7%a9%d7%9e%d7%99%d7%a8/,0,4,מחיקה
49,פוסט בלוג,ביצוע תרגילי מתיחות לפני ריצה?,https://www.sport4you.co.il/%d7%91%d7%99%d7%a6%d7%95%d7%a2-%d7%aa%d7%a8%d7%92%d7%99%d7%9c%d7%99-%d7%9e%d7%aa%d7%99%d7%97%d7%95%d7%aa-%d7%9c%d7%a4%d7%a0%d7%99-%d7%a8%d7%99%d7%a6%d7%94/,0,15,שמר
50,פוסט בלוג,תרגילי התנגדות,https://www.sport4you.co.il/%d7%aa%d7%a8%d7%92%d7%99%d7%9c%d7%99-%d7%94%d7%aa%d7%a0%d7%92%d7%93%d7%95%d7%aa/,1,224,שמר
51,פוסט בלוג,אימון הליכה-שורפים קלוריות ומתחטבים,https://www.sport4you.co.il/%d7%90%d7%99%d7%9e%d7%95%d7%9f-%d7%94%d7%9c%d7%99%d7%9b%d7%94-%d7%a9%d7%95%d7%a8%d7%a4%d7%99%d7%9d-%d7%a7%d7%9c%d7%95%d7%a8%d7%99%d7%95%d7%aa-%d7%95%d7%9e%d7%aa%d7%97%d7%98%d7%91%d7%99%d7%9d/,0,14,מחיקה
52,פוסט בלוג,אימון הליכה לדוגמא - חיזוק את המערכת האירובית והשרירים,https://www.sport4you.co.il/%d7%90%d7%99%d7%9e%d7%95%d7%9f-%d7%94%d7%9c%d7%99%d7%9b%d7%94-%d7%9c%d7%93%d7%95%d7%92%d7%9e%d7%90-%d7%97%d7%99%d7%96%d7%95%d7%a7-%d7%90%d7%aa-%d7%94%d7%9e%d7%a2%d7%a8%d7%9b%d7%aa-%d7%94%d7%90%d7%99/,0,0,מחיקה
53,פוסט בלוג,חיזוק צפיפות העצם - הכרחי ונגיש באמצעות אימון הליכה,https://www.sport4you.co.il/%d7%97%d7%99%d7%96%d7%95%d7%a7-%d7%a6%d7%a4%d7%99%d7%a4%d7%95%d7%aa-%d7%94%d7%a2%d7%a6%d7%9d-%d7%94%d7%9b%d7%a8%d7%97%d7%99-%d7%95%d7%a0%d7%92%d7%99%d7%a9-%d7%91%d7%90%d7%9e%d7%a6%d7%a2%d7%95%d7%aa/,0,3,מחיקה
54,פוסט בלוג,קבוצת ריצה ברמת השרון מתחילים,https://www.sport4you.co.il/%d7%a7%d7%91%d7%95%d7%a6%d7%aa-%d7%a8%d7%99%d7%a6%d7%94-%d7%91%d7%a8%d7%9e%d7%aa-%d7%94%d7%a9%d7%a8%d7%95%d7%9f-%d7%9e%d7%aa%d7%97%d7%99%d7%9c%d7%99%d7%9d/,0,0,שמר
55,פוסט בלוג,אימון כושר ביתי בצל קורונה,https://www.sport4you.co.il/%d7%90%d7%99%d7%9e%d7%95%d7%9f-%d7%9b%d7%95%d7%a9%d7%a8-%d7%91%d7%99%d7%aa%d7%99-%d7%91%d7%a6%d7%9c-%d7%a7%d7%95%d7%a8%d7%95%d7%a0%d7%94/,0,101,מחיקה
56,פוסט בלוג,"השלכות הקורונה על ילדים -""ילדי הזום""",https://www.sport4you.co.il/%d7%94%d7%a9%d7%9c%d7%9b%d7%95%d7%aa-%d7%94%d7%a7%d7%95%d7%a8%d7%95%d7%a0%d7%94-%d7%a2%d7%9c-%d7%99%d7%9c%d7%93%d7%99%d7%9d-%d7%99%d7%9c%d7%93%d7%99-%d7%94%d7%96%d7%95%d7%9d/,0,0,מחיקה
57,פוסט בלוג,חיסוני קורונה והשפעתם על פעילות גופנית ריצה וכושר - תמונת מצב,https://www.sport4you.co.il/%d7%97%d7%99%d7%a1%d7%95%d7%9f-%d7%a7%d7%95%d7%a8%d7%95%d7%a0%d7%94-%d7%95%d7%94%d7%94%d7%a9%d7%a4%d7%a2%d7%94-%d7%a2%d7%9c-%d7%91%d7%99%d7%a6%d7%95%d7%a2-%d7%a4%d7%a2%d7%99%d7%9c%d7%95%d7%aa-%d7%92/,0,0,מחיקה
58,פוסט בלוג,מחקר חדש: פעילות גופנית מסייעת בהתמודדות ילדים עם הפרעות קשב וריכוז,https://www.sport4you.co.il/%d7%9e%d7%97%d7%a7%d7%a8-%d7%97%d7%93%d7%a9-%d7%a4%d7%a2%d7%99%d7%9c%d7%95%d7%aa-%d7%92%d7%95%d7%a4%d7%a0%d7%99%d7%aa-%d7%9e%d7%a1%d7%99%d7%99%d7%a2%d7%aa-%d7%91%d7%94%d7%aa%d7%9e%d7%95%d7%93%d7%93/,0,1,שמר
59,פוסט בלוג,אתלטיקט פרטים,https://www.sport4you.co.il/%d7%aa%d7%95%d7%9e%d7%a8-%d7%90%d7%aa%d7%9c%d7%98%d7%99%d7%a7%d7%98/,0,0,מחיקה
60,פוסט בלוג,בינה מלאכותית AI באימוני הריצה,https://www.sport4you.co.il/%d7%91%d7%99%d7%a0%d7%94-%d7%9e%d7%9c%d7%90%d7%9b%d7%95%d7%aa%d7%99%d7%aa-ai-%d7%91%d7%90%d7%99%d7%9e%d7%95%d7%a0%d7%99-%d7%94%d7%a8%d7%99%d7%a6%d7%94/,0,0,שמר
61,פוסט בלוג,אימון כושר ביתי עם גומיה,https://www.sport4you.co.il/%d7%90%d7%99%d7%9e%d7%95%d7%9f-%d7%9b%d7%95%d7%a9%d7%a8-%d7%91%d7%99%d7%aa%d7%99-%d7%a2%d7%9d-%d7%92%d7%95%d7%9e%d7%99%d7%94/,0,0,שמר
62,פוסט בלוג,השפעת מוזיקה על פעילות גופנית עצימה,https://www.sport4you.co.il/%d7%94%d7%a9%d7%a4%d7%a2%d7%aa-%d7%9e%d7%95%d7%96%d7%99%d7%a7%d7%94-%d7%a2%d7%9c-%d7%a4%d7%a2%d7%99%d7%9c%d7%95%d7%aa-%d7%92%d7%95%d7%a4%d7%a0%d7%99%d7%aa-%d7%a2%d7%a6%d7%99%d7%9e%d7%94-%d7%95%d7%91/,0,636,שמר
